function_name,function_type,library,namespace,parameters,in_reference,in_source,status,Action,sphinx_implemented
Abs,COMPILED,,PEBLMath,1 args,YES,YES,COMPILED_DOCUMENTED,COMPLETE,peblmath.rst (full)
Absfloor,COMPILED,,PEBLMath,1 args,YES,YES,COMPILED_DOCUMENTED,COMPLETE,peblmath.rst (full)
Acceptnetworkconnection,COMPILED,,PEBLStream,2 args,YES,YES,COMPILED_DOCUMENTED,COMPLETE,peblstream.rst (full)
Acos,COMPILED,,PEBLMath,1 args,YES,YES,COMPILED_DOCUMENTED,COMPLETE,peblmath.rst (full)
Addobject,COMPILED,,PEBLObjects,2 args,YES,YES,COMPILED_DOCUMENTED,COMPLETE,peblobjects.rst (full)
Addobjectx,PEBL_FUNCTION,Graphics.pbl,,"obj, win",NO,NO,PEBL_UNDOCUMENTED,HIDDEN,hidden
Append,COMPILED,,PEBLList,2 args,YES,YES,COMPILED_DOCUMENTED,COMPLETE,pebllist.rst (full)
Appenddirlist,PEBL_FUNCTION,Utility.pbl,,"dirlist, dir",NO,NO,PEBL_UNDOCUMENTED,COMPLETE,utility.rst (full)
Appendfile,COMPILED,,PEBLStream,2 args,YES,YES,COMPILED_DOCUMENTED,COMPLETE,peblstream.rst (full)
Asin,COMPILED,,PEBLMath,1 args,YES,YES,COMPILED_DOCUMENTED,COMPLETE,peblmath.rst (full)
Atan,COMPILED,,PEBLMath,1 args,YES,YES,COMPILED_DOCUMENTED,COMPLETE,peblmath.rst (full)
B,PEBL_FUNCTION,HTML.pbl,,text,YES,NO,PEBL_DOCUMENTED,COMPLETE,html.rst (stub)
Bezier,COMPILED,,PEBLObjects,6 args,YES,YES,COMPILED_DOCUMENTED,COMPLETE,peblobjects.rst (full)
Blocke,PEBL_FUNCTION,Graphics.pbl,,"x, y, h, w, thick, dir, color",YES,NO,PEBL_DOCUMENTED,COMPLETE,graphics.rst (full)
Bound,PEBL_FUNCTION,Math.pbl,,"number, min, max",NO,NO,PEBL_UNDOCUMENTED,COMPLETE,math.rst (stub)
Br,PEBL_FUNCTION,HTML.pbl,,,YES,NO,PEBL_DOCUMENTED,COMPLETE,html.rst (stub)
Calibratescreen,PEBL_FUNCTION,Utility.pbl,,win,NO,NO,PEBL_UNDOCUMENTED,COMPLETE,utility.rst (stub)
Callfunction,COMPILED,,PEBLEnvironment,2 args,YES,YES,COMPILED_DOCUMENTED,COMPLETE,peblenvironment.rst (full)
Ceiling,COMPILED,,PEBLMath,1 args,YES,YES,COMPILED_DOCUMENTED,COMPLETE,peblmath.rst (full)
Checkfornetworkconnection,COMPILED,,PEBLStream,1 args,YES,YES,COMPILED_DOCUMENTED,COMPLETE,peblstream.rst (full)
Choosen,PEBL_FUNCTION,Design.pbl,,"list, number",YES,NO,PEBL_DOCUMENTED,COMPLETE,design.rst (full)
Circle,COMPILED,,PEBLObjects,5 args,YES,YES,COMPILED_DOCUMENTED,COMPLETE,peblobjects.rst (full)
Cleareventloop,COMPILED,,PEBLEnvironment,0 args,YES,YES,COMPILED_DOCUMENTED,COMPLETE,peblenvironment.rst (full)
Clearscrollboxthumbcapture,PEBL_FUNCTION,UI.pbl,,"obj, p, event:0",NO,NO,PEBL_UNDOCUMENTED,COMPLETE,ui.rst (stub)
Cleartextbox,PEBL_FUNCTION,UI.pbl,,"menu, xy, box",YES,NO,PEBL_UNDOCUMENTED,COMPLETE,ui.rst (stub)
Clickcheckbox,PEBL_FUNCTION,UI.pbl,,"cb, pos, evt:0",YES,NO,OBSOLETE_OR_MISSING,COMPLETE,
Clickon,PEBL_FUNCTION,Utility.pbl,,"obj, xy",YES,NO,OBSOLETE_OR_MISSING,COMPLETE,utility.rst (full)
Clickonmenu,PEBL_FUNCTION,UI.pbl,,"obj, xy",YES,NO,PEBL_DOCUMENTED,COMPLETE,ui.rst (full)
Clickonscrollbox,PEBL_FUNCTION,UI.pbl,,"obj, click, evt:0",YES,NO,PEBL_DOCUMENTED,COMPLETE,ui.rst (full)
Clickonscrollingtextbox,PEBL_FUNCTION,UI.pbl,,"obj, click, evt:0",YES,NO,PEBL_UNDOCUMENTED,COMPLETE,ui.rst (stub)
Closenetworkconnection,COMPILED,,PEBLStream,1 args,YES,YES,COMPILED_DOCUMENTED,COMPLETE,peblstream.rst (full)
Comportgetbyte,COMPILED,,PEBLStream,1 args,YES,YES,COMPILED_DOCUMENTED,COMPLETE,peblstream.rst (full)
Comportsendbyte,COMPILED,,PEBLStream,2 args,YES,YES,COMPILED_DOCUMENTED,COMPLETE,peblstream.rst (full)
Concatenatelist,PEBL_FUNCTION,Utility.pbl,,"list, sep:"" """,YES,NO,PEBL_DOCUMENTED,COMPLETE,utility.rst (full)
Connecteyetracker,COMPILED,,PEBLObjects,0 args,NO,YES,COMPILED_UNDOCUMENTED,HIDDEN,hidden
Connecttohost,COMPILED,,PEBLStream,2 args,YES,YES,COMPILED_DOCUMENTED,COMPLETE,peblstream.rst (full)
Connecttoip,COMPILED,,PEBLStream,2 args,YES,YES,COMPILED_DOCUMENTED,COMPLETE,peblstream.rst (full)
Convertipstring,PEBL_FUNCTION,Utility.pbl,,ip,YES,NO,PEBL_DOCUMENTED,COMPLETE,utility.rst (full)
Convexhull,PEBL_FUNCTION,Graphics.pbl,,pts,YES,NO,PEBL_DOCUMENTED,COMPLETE,graphics.rst (full)
Copyfile,COMPILED,,PEBLStream,2 args,YES,YES,COMPILED_DOCUMENTED,COMPLETE,peblstream.rst (full)
Copyfromclipboard,COMPILED,,PEBLEnvironment,0 args,YES,YES,COMPILED_DOCUMENTED,COMPLETE,peblenvironment.rst (full)
Copytextbox,PEBL_FUNCTION,UI.pbl,,"menu, xy, box",YES,NO,PEBL_UNDOCUMENTED,COMPLETE,ui.rst (stub)
Copytoclipboard,COMPILED,,PEBLString,1 args,YES,YES,COMPILED_DOCUMENTED,COMPLETE,peblstring.rst (full)
Cos,COMPILED,,PEBLMath,1 args,YES,YES,COMPILED_DOCUMENTED,COMPLETE,peblmath.rst (full)
Countdown,PEBL_FUNCTION,Utility.pbl,,"win, usebg:1",YES,NO,OBSOLETE_OR_MISSING,COMPLETE,utility.rst (full)
Cr,PEBL_FUNCTION,Utility.pbl,,n:1,YES,NO,PEBL_DOCUMENTED,COMPLETE,utility.rst (full)
Createparameters,PEBL_FUNCTION,Utility.pbl,,"defaults, file",NO,NO,PEBL_UNDOCUMENTED,COMPLETE,utility.rst (full)
Crossfactorwithoutduplicates,COMPILED,,PEBLList,1 args,YES,YES,COMPILED_DOCUMENTED,COMPLETE,pebllist.rst (full)
Ct,PEBL_FUNCTION,HTML.pbl,,tag,YES,NO,PEBL_DOCUMENTED,COMPLETE,html.rst (stub)
Cumnorminv,PEBL_FUNCTION,Math.pbl,,p,YES,NO,PEBL_DOCUMENTED,COMPLETE,math.rst (full)
Cumsum,PEBL_FUNCTION,Math.pbl,,list,YES,NO,PEBL_DOCUMENTED,COMPLETE,math.rst (full)
Degtorad,COMPILED,,PEBLMath,1 args,YES,YES,COMPILED_DOCUMENTED,COMPLETE,peblmath.rst (full)
Deletefile,COMPILED,,PEBLEnvironment,1 args,YES,YES,COMPILED_DOCUMENTED,COMPLETE,peblenvironment.rst (full)
Designbalancedsampling,PEBL_FUNCTION,Design.pbl,,"list, number",YES,NO,PEBL_DOCUMENTED,COMPLETE,design.rst (full)
Designfullcounterbalance,COMPILED,,PEBLList,2 args,YES,YES,COMPILED_DOCUMENTED,COMPLETE,pebllist.rst (stub)
Designgrecolatinsquare,PEBL_FUNCTION,Design.pbl,,"a, b, c",YES,NO,PEBL_DOCUMENTED,COMPLETE,design.rst (full)
Designlatinsquare,PEBL_FUNCTION,Design.pbl,,"list1, list2",YES,NO,PEBL_DOCUMENTED,COMPLETE,design.rst (full)
Dirlisttotext,PEBL_FUNCTION,Utility.pbl,,list,NO,NO,PEBL_UNDOCUMENTED,COMPLETE,utility.rst (stub)
Dirtotext,PEBL_FUNCTION,Utility.pbl,,"dirlist, filelist, path",NO,NO,PEBL_UNDOCUMENTED,COMPLETE,utility.rst (full)
Dist,PEBL_FUNCTION,Math.pbl,,"a, b",YES,NO,PEBL_DOCUMENTED,COMPLETE,math.rst (full)
Div,COMPILED,,PEBLMath,2 args,YES,YES,COMPILED_DOCUMENTED,COMPLETE,peblmath.rst (full)
Draw,COMPILED,,PEBLObjects,0-1 args,YES,YES,COMPILED_DOCUMENTED,COMPLETE,peblobjects.rst (full)
Drawbutton,PEBL_FUNCTION,UI.pbl,,button,YES,NO,PEBL_UNDOCUMENTED,COMPLETE,ui.rst (stub)
Drawfor,COMPILED,,PEBLObjects,2 args,YES,YES,COMPILED_DOCUMENTED,COMPLETE,peblobjects.rst (full)
Drawobject,PEBL_FUNCTION,Utility.pbl,,p,YES,NO,PEBL_DOCUMENTED,COMPLETE,utility.rst (full)
Drawpulldown,PEBL_FUNCTION,UI.pbl,,obj,YES,NO,PEBL_DOCUMENTED,COMPLETE,ui.rst (full)
Drawscrollbox,PEBL_FUNCTION,UI.pbl,,obj,YES,NO,OBSOLETE_OR_MISSING,COMPLETE,
Drawscrollingtextbox,PEBL_FUNCTION,UI.pbl,,obj,NO,NO,PEBL_UNDOCUMENTED,COMPLETE,ui.rst (stub)
Easylabel,PEBL_FUNCTION,Utility.pbl,,"text, xx, yy, parent, fontsize:16, fg:"""", style:0",YES,NO,PEBL_DOCUMENTED,COMPLETE,utility.rst (full)
Easytextbox,PEBL_FUNCTION,Utility.pbl,,"text, x, y, win, fontsize, width, height, fgcolor:""black"", bgcolor:""white""",YES,NO,PEBL_DOCUMENTED,COMPLETE,utility.rst (full)
Editscrollboxvalue,PEBL_FUNCTION,UI.pbl,,"win, click, default, selected",NO,NO,PEBL_UNDOCUMENTED,COMPLETE,ui.rst (stub)
Ellipse,COMPILED,,PEBLObjects,6 args,YES,YES,COMPILED_DOCUMENTED,COMPLETE,peblobjects.rst (full)
Endoffile,COMPILED,,PEBLStream,1 args,YES,YES,COMPILED_DOCUMENTED,COMPLETE,peblstream.rst (full)
Endofline,COMPILED,,PEBLStream,1 args,YES,YES,COMPILED_DOCUMENTED,COMPLETE,peblstream.rst (full)
Endswith,PEBL_FUNCTION,Utility.pbl,,"string, suffix",NO,NO,PEBL_UNDOCUMENTED,COMPLETE,utility.rst (stub)
Enquote,PEBL_FUNCTION,Utility.pbl,,text,YES,NO,PEBL_DOCUMENTED,COMPLETE,utility.rst (full)
Entag,PEBL_FUNCTION,HTML.pbl,,"tag, body",YES,NO,PEBL_DOCUMENTED,COMPLETE,html.rst (stub)
Exitquietly,COMPILED,,PEBLEnvironment,1 args,YES,YES,COMPILED_DOCUMENTED,COMPLETE,peblenvironment.rst (full)
Exp,COMPILED,,PEBLMath,1 args,YES,YES,COMPILED_DOCUMENTED,COMPLETE,peblmath.rst (full)
Extractlistitems,PEBL_FUNCTION,Design.pbl,,"list, items",YES,NO,PEBL_DOCUMENTED,COMPLETE,design.rst (full)
Fetchtext,PEBL_FUNCTION,Utility.pbl,,source,NO,NO,PEBL_UNDOCUMENTED,COMPLETE,utility.rst (stub)
Fifth,COMPILED,,PEBLList,1 args,NO,YES,COMPILED_DOCUMENTED,COMPLETE,pebllist.rst (full)
Fileclose,COMPILED,,PEBLStream,1 args,YES,YES,COMPILED_DOCUMENTED,COMPLETE,peblstream.rst (full)
Fileexists,COMPILED,,PEBLEnvironment,1 args,YES,YES,COMPILED_DOCUMENTED,COMPLETE,peblenvironment.rst (full)
Fileopenappend,COMPILED,,PEBLStream,1 args,YES,YES,COMPILED_DOCUMENTED,COMPLETE,peblstream.rst (full)
Fileopenoverwrite,COMPILED,,PEBLStream,1 args,YES,YES,COMPILED_DOCUMENTED,COMPLETE,peblstream.rst (full)
Fileopenread,COMPILED,,PEBLStream,1 args,YES,YES,COMPILED_DOCUMENTED,COMPLETE,peblstream.rst (full)
Fileopenwrite,COMPILED,,PEBLStream,1 args,YES,YES,COMPILED_DOCUMENTED,COMPLETE,peblstream.rst (full)
Filepicker,PEBL_FUNCTION,UI.pbl,,"path, filter:""""",YES,NO,PEBL_UNDOCUMENTED,COMPLETE,ui.rst (stub)
Fileprint,COMPILED,,PEBLStream,2 args,YES,YES,COMPILED_DOCUMENTED,COMPLETE,peblstream.rst (full)
Fileprint_,,,,,YES,YES,DOCUMENTED,COMPLETE,
Fileprintlist,PEBL_FUNCTION,Utility.pbl,,"file, list, sep:"" """,YES,NO,PEBL_DOCUMENTED,COMPLETE,utility.rst (full)
Filereadcharacter,COMPILED,,PEBLStream,1 args,YES,YES,COMPILED_DOCUMENTED,COMPLETE,peblstream.rst (full)
Filereadline,COMPILED,,PEBLStream,1 args,YES,YES,COMPILED_DOCUMENTED,COMPLETE,peblstream.rst (full)
Filereadlist,COMPILED,,PEBLStream,1 args,YES,YES,COMPILED_DOCUMENTED,COMPLETE,peblstream.rst (full)
Filereadtable,COMPILED,,PEBLStream,1-2 args,YES,YES,COMPILED_DOCUMENTED,COMPLETE,peblstream.rst (full)
Filereadtext,COMPILED,,PEBLStream,1 args,YES,YES,COMPILED_DOCUMENTED,COMPLETE,peblstream.rst (full)
Filereadword,COMPILED,,PEBLStream,1 args,YES,YES,COMPILED_DOCUMENTED,COMPLETE,peblstream.rst (full)
Filter,PEBL_FUNCTION,Math.pbl,,"list, match",YES,NO,PEBL_DOCUMENTED,COMPLETE,math.rst (full)
Filterlist,PEBL_FUNCTION,UI.pbl,,"list, filter",YES,NO,PEBL_UNDOCUMENTED,COMPLETE,ui.rst (stub)
Findinstring,COMPILED,,PEBLString,3 args,YES,YES,COMPILED_DOCUMENTED,COMPLETE,peblstring.rst (full)
Findtoken,PEBL_FUNCTION,Design.pbl,,"token, nestedlist",NO,NO,PEBL_UNDOCUMENTED,COMPLETE,design.rst (full)
First,COMPILED,,PEBLList,1 args,YES,YES,COMPILED_DOCUMENTED,COMPLETE,pebllist.rst (full)
Flatten,PEBL_FUNCTION,Design.pbl,,list,YES,NO,PEBL_DOCUMENTED,COMPLETE,design.rst (full)
Flattenn,PEBL_FUNCTION,Design.pbl,,"list, n",YES,NO,PEBL_DOCUMENTED,COMPLETE,design.rst (full)
Floor,COMPILED,,PEBLMath,1 args,YES,YES,COMPILED_DOCUMENTED,COMPLETE,peblmath.rst (full)
Foldlist,PEBL_FUNCTION,Design.pbl,,"list, length",YES,NO,PEBL_DOCUMENTED,COMPLETE,design.rst (full)
Format,PEBL_FUNCTION (wraps compiled),Utility.pbl,PEBLString,"val, size",YES,YES,COMPILED_DOCUMENTED,COMPLETE,peblstring.rst (full)
Formattext,PEBL_FUNCTION,Utility.pbl,,text,NO,NO,PEBL_UNDOCUMENTED,COMPLETE,utility.rst (stub)
Fourth,COMPILED,,PEBLList,1 args,NO,YES,COMPILED_DOCUMENTED,COMPLETE,pebllist.rst (full)
Gabor,,,,,NO,YES,SOURCE_UNDOCUMENTED,DEPRECATED,DEPRECATED
Getabsoluteposition,PEBL_FUNCTION,UI.pbl,,widget,YES,NO,PEBL_UNDOCUMENTED,COMPLETE,ui.rst (stub)
Getangle,PEBL_FUNCTION,Graphics.pbl,,"dx, dy",YES,NO,PEBL_DOCUMENTED,COMPLETE,graphics.rst (full)
Getangle3,PEBL_FUNCTION,Graphics.pbl,,"a, b, c",YES,NO,PEBL_DOCUMENTED,COMPLETE,graphics.rst (full)
Getcurrentscreenresolution,COMPILED,,PEBLEnvironment,0 args,YES,YES,COMPILED_DOCUMENTED,COMPLETE,peblenvironment.rst (full)
Getcursorposition,COMPILED,,PEBLObjects,1 args,YES,YES,COMPILED_DOCUMENTED,COMPLETE,peblobjects.rst (full)
Getdata,COMPILED,,PEBLStream,2 args,YES,YES,COMPILED_DOCUMENTED,COMPLETE,peblstream.rst (full)
Getdirectory,PEBL_FUNCTION,Utility.pbl,,"filepath, separator:""/""",NO,NO,PEBL_UNDOCUMENTED,COMPLETE,utility.rst (full)
Getdirectorylisting,COMPILED,,PEBLEnvironment,1 args,YES,YES,COMPILED_DOCUMENTED,COMPLETE,peblenvironment.rst (full)
Getdrivers,COMPILED,,PEBLEnvironment,0 args,YES,YES,COMPILED_DOCUMENTED,COMPLETE,peblenvironment.rst (full)
Geteasychoice,PEBL_FUNCTION,Utility.pbl,,"text, choices, output, win",YES,NO,PEBL_DOCUMENTED,COMPLETE,utility.rst (full)
Geteasyinput,PEBL_FUNCTION,Utility.pbl,,"text, win",YES,NO,PEBL_DOCUMENTED,COMPLETE,utility.rst (full)
Geteasymultichoice,PEBL_FUNCTION,Utility.pbl,,"text, choices, output, win, minchoices:1, maxchoices:1",NO,NO,PEBL_UNDOCUMENTED,COMPLETE,utility.rst (stub)
Getexecutablename,COMPILED,,PEBLEnvironment,0 args,YES,YES,COMPILED_DOCUMENTED,COMPLETE,peblenvironment.rst (full)
Geteyeobject,COMPILED,,PEBLObjects,1 args,NO,YES,COMPILED_UNDOCUMENTED,HIDDEN,hidden
Getfulllinebreaks,PEBL_FUNCTION,UI.pbl,,"tb, text",NO,NO,PEBL_UNDOCUMENTED,COMPLETE,ui.rst (stub)
Gethomedirectory,COMPILED,,PEBLEnvironment,0 args,YES,YES,COMPILED_DOCUMENTED,COMPLETE,peblenvironment.rst (full)
Gethttpfile,COMPILED,,PEBLStream,4 args,YES,YES,COMPILED_DOCUMENTED,COMPLETE,peblstream.rst (full)
Gethttptext,COMPILED,,PEBLStream,3 args,YES,YES,COMPILED_DOCUMENTED,COMPLETE,peblstream.rst (full)
Getinput,,,,,YES,NO,OBSOLETE_OR_MISSING,COMPLETE,utility.rst (full)
Getinput0,,,,,NO,YES,SOURCE_UNDOCUMENTED,HIDDEN,hidden
Getipaddress,,,,,NO,YES,SOURCE_UNDOCUMENTED,NOT_AVAILABLE,Exists in source but not registered in Functions.h
Getjoystick,,,,,NO,YES,SOURCE_UNDOCUMENTED,NOT_AVAILABLE,Implemented as OpenJoystick() instead
Getjoystickaxisstate,COMPILED,,PEBLEnvironment,2 args,YES,YES,COMPILED_DOCUMENTED,COMPLETE,peblenvironment.rst (full)
Getjoystickballstate,COMPILED,,PEBLEnvironment,2 args,YES,YES,COMPILED_DOCUMENTED,COMPLETE,peblenvironment.rst (full)
Getjoystickbuttonstate,COMPILED,,PEBLEnvironment,2 args,YES,YES,COMPILED_DOCUMENTED,COMPLETE,peblenvironment.rst (full)
Getjoystickhatstate,COMPILED,,PEBLEnvironment,2 args,YES,YES,COMPILED_DOCUMENTED,COMPLETE,peblenvironment.rst (full)
Getlinebreaks,COMPILED,,PEBLObjects,1 args,YES,YES,COMPILED_DOCUMENTED,COMPLETE,peblobjects.rst (full)
Getmindist,PEBL_FUNCTION,Graphics.pbl,,pts,NO,NO,PEBL_UNDOCUMENTED,COMPLETE,graphics.rst (full)
Getmousecursorposition,COMPILED,,PEBLEnvironment,0 args,YES,NO,OBSOLETE_OR_MISSING,COMPLETE,peblenvironment.rst (stub)
Getmousestate,COMPILED,,PEBLEnvironment,0 args,YES,YES,COMPILED_DOCUMENTED,COMPLETE,peblenvironment.rst (full)
Getmyipaddress,COMPILED,,PEBLStream,1 args,YES,YES,COMPILED_DOCUMENTED,COMPLETE,peblstream.rst (full)
Getnewdatafile,PEBL_FUNCTION,Utility.pbl,,"subraw, win, basename, extension, header",YES,NO,PEBL_DOCUMENTED,COMPLETE,utility.rst (full)
Getnewsubnum,PEBL_FUNCTION,Utility.pbl,,"server, page, port, username, pword",NO,NO,PEBL_UNDOCUMENTED,COMPLETE,utility.rst (full)
Getnimhdemographics,PEBL_FUNCTION,Utility.pbl,,"code, window, file",YES,NO,PEBL_DOCUMENTED,COMPLETE,utility.rst (full)
Getnumjoystickaxes,COMPILED,,PEBLEnvironment,1 args,YES,YES,COMPILED_DOCUMENTED,COMPLETE,peblenvironment.rst (full)
Getnumjoystickballs,COMPILED,,PEBLEnvironment,1 args,YES,YES,COMPILED_DOCUMENTED,COMPLETE,peblenvironment.rst (full)
Getnumjoystickbuttons,COMPILED,,PEBLEnvironment,1 args,YES,YES,COMPILED_DOCUMENTED,COMPLETE,peblenvironment.rst (full)
Getnumjoystickhats,COMPILED,,PEBLEnvironment,1 args,YES,YES,COMPILED_DOCUMENTED,COMPLETE,peblenvironment.rst (full)
Getnumjoysticks,COMPILED,,PEBLEnvironment,0 args,YES,YES,COMPILED_DOCUMENTED,COMPLETE,peblenvironment.rst (full)
Getobjecttime,COMPILED,,PEBLEnvironment,1 args,NO,YES,COMPILED_UNDOCUMENTED,DEFER,
Getparent,COMPILED,,PEBLObjects,1 args,YES,YES,COMPILED_DOCUMENTED,COMPLETE,peblobjects.rst (full)
Getpeblversion,COMPILED,,PEBLEnvironment,0 args,YES,YES,COMPILED_DOCUMENTED,COMPLETE,peblenvironment.rst (full)
Getpixelcolor,COMPILED,,PEBLObjects,3 args,YES,YES,COMPILED_DOCUMENTED,COMPLETE,peblobjects.rst (full)
Getpportstate,COMPILED,,PEBLStream,1 args,YES,YES,COMPILED_DOCUMENTED,COMPLETE,peblstream.rst (full)
Getproperty,COMPILED,,PEBLObjects,2 args,YES,YES,COMPILED_DOCUMENTED,COMPLETE,peblobjects.rst (stub)
Getpropertylist,COMPILED,,PEBLObjects,1 args,YES,YES,COMPILED_DOCUMENTED,COMPLETE,peblobjects.rst (full)
Getsize,COMPILED,,PEBLObjects,1 args,YES,YES,COMPILED_DOCUMENTED,COMPLETE,peblobjects.rst (full)
Getsubnum,PEBL_FUNCTION,Utility.pbl,,win,YES,NO,PEBL_DOCUMENTED,COMPLETE,utility.rst (full)
Getsystemtype,COMPILED,,PEBLEnvironment,0 args,YES,YES,COMPILED_DOCUMENTED,COMPLETE,peblenvironment.rst (full)
Gettext,COMPILED,,PEBLObjects,1 args,YES,YES,COMPILED_DOCUMENTED,COMPLETE,peblobjects.rst (full)
Gettextboxcursorfromclick,COMPILED,,PEBLEnvironment,3 args,YES,YES,COMPILED_DOCUMENTED,COMPLETE,peblenvironment.rst (full)
Gettextentryinput,PEBL_FUNCTION,UI.pbl,,"obj, xy, evt:0",YES,NO,PEBL_UNDOCUMENTED,COMPLETE,ui.rst (stub)
Gettime,COMPILED,,PEBLEnvironment,0 args,YES,YES,COMPILED_DOCUMENTED,COMPLETE,peblenvironment.rst (full)
Gettimehp,COMPILED,,PEBLEnvironment,0 args,NO,YES,COMPILED_UNDOCUMENTED,HIDDEN,hidden
Gettimeofday,COMPILED,,PEBLEnvironment,0 args,YES,YES,COMPILED_DOCUMENTED,COMPLETE,peblenvironment.rst (full)
Getvideomodes,COMPILED,,PEBLEnvironment,0-1 args,YES,YES,COMPILED_DOCUMENTED,COMPLETE,peblenvironment.rst (full)
Getvocalresponsetime,COMPILED,,PEBLObjects,3 args,YES,YES,COMPILED_DOCUMENTED,COMPLETE,peblobjects.rst (full)
Getworkingdirectory,COMPILED,,PEBLEnvironment,0 args,YES,YES,COMPILED_DOCUMENTED,COMPLETE,peblenvironment.rst (full)
H,PEBL_FUNCTION,HTML.pbl,,"text, level",YES,NO,PEBL_DOCUMENTED,COMPLETE,html.rst (stub)
Handletextboxrightclick,PEBL_FUNCTION,UI.pbl,,"box, exit:"""", click:0, xypos:0",YES,NO,PEBL_UNDOCUMENTED,COMPLETE,ui.rst (stub)
Hide,COMPILED,,PEBLObjects,1 args,YES,YES,COMPILED_DOCUMENTED,COMPLETE,peblobjects.rst (full)
Hidebutton,PEBL_FUNCTION,UI.pbl,,button,YES,NO,PEBL_UNDOCUMENTED,COMPLETE,ui.rst (stub)
Hidemenu,PEBL_FUNCTION,UI.pbl,,"obj, xy",YES,NO,PEBL_UNDOCUMENTED,COMPLETE,ui.rst (stub)
Hideobject,PEBL_FUNCTION,Graphics.pbl,,obj,NO,NO,PEBL_UNDOCUMENTED,COMPLETE,graphics.rst (full)
Hl,PEBL_FUNCTION,HTML.pbl,,,YES,NO,PEBL_DOCUMENTED,COMPLETE,html.rst (stub)
Img,PEBL_FUNCTION,HTML.pbl,,"filename, width",YES,NO,PEBL_DOCUMENTED,COMPLETE,html.rst (stub)
Initializeupload,PEBL_FUNCTION,Utility.pbl,,"file:""""",NO,NO,PEBL_UNDOCUMENTED,COMPLETE,utility.rst (stub)
Insert,PEBL_FUNCTION,Design.pbl,,"list, item, pos",YES,NO,PEBL_DOCUMENTED,COMPLETE,design.rst (full)
Insertattneavepointrandom,PEBL_FUNCTION,Graphics.pbl,,"path, point, minangle, maxangle",NO,NO,PEBL_UNDOCUMENTED,HIDDEN,graphics.rst (hidden)
Inside,PEBL_FUNCTION,Utility.pbl,,"click, object",YES,NO,PEBL_DOCUMENTED,COMPLETE,utility.rst (full)
Insidemenu,PEBL_FUNCTION,UI.pbl,,"xy, object",NO,NO,PEBL_UNDOCUMENTED,COMPLETE,ui.rst (stub)
Insidetb,PEBL_FUNCTION,UI.pbl,,"xy, object",YES,NO,PEBL_DOCUMENTED,COMPLETE,ui.rst (full)
Isanykeydown,COMPILED,,PEBLEnvironment,0 args,YES,YES,COMPILED_DOCUMENTED,COMPLETE,peblenvironment.rst (full)
Isaudioout,COMPILED,,PEBLEnvironment,1 args,YES,YES,COMPILED_DOCUMENTED,COMPLETE,peblenvironment.rst (full)
Iscanvas,COMPILED,,PEBLEnvironment,1 args,YES,YES,COMPILED_DOCUMENTED,COMPLETE,peblenvironment.rst (full)
Iscolor,COMPILED,,PEBLEnvironment,1 args,YES,YES,COMPILED_DOCUMENTED,COMPLETE,peblenvironment.rst (full)
Iscustomobject,COMPILED,,PEBLEnvironment,1 args,YES,YES,COMPILED_DOCUMENTED,COMPLETE,peblenvironment.rst (full)
Isdirectory,COMPILED,,PEBLEnvironment,1 args,YES,YES,COMPILED_DOCUMENTED,COMPLETE,peblenvironment.rst (full)
Isfilestream,COMPILED,,PEBLEnvironment,1 args,YES,YES,COMPILED_DOCUMENTED,COMPLETE,peblenvironment.rst (full)
Isfloat,COMPILED,,PEBLEnvironment,1 args,YES,YES,COMPILED_DOCUMENTED,COMPLETE,peblenvironment.rst (full)
Isfont,COMPILED,,PEBLEnvironment,1 args,YES,YES,COMPILED_DOCUMENTED,COMPLETE,peblenvironment.rst (full)
Isimage,COMPILED,,PEBLEnvironment,1 args,YES,YES,COMPILED_DOCUMENTED,COMPLETE,peblenvironment.rst (full)
Isinteger,COMPILED,,PEBLEnvironment,1 args,YES,YES,COMPILED_DOCUMENTED,COMPLETE,peblenvironment.rst (full)
Isjoystick,,,,,NO,YES,SOURCE_UNDOCUMENTED,NOT_AVAILABLE,Exists in source but not registered in Functions.h
Iskeydown,COMPILED,,PEBLEnvironment,1 args,YES,YES,COMPILED_DOCUMENTED,COMPLETE,peblenvironment.rst (full)
Iskeyup,COMPILED,,PEBLEnvironment,1 args,YES,YES,COMPILED_DOCUMENTED,COMPLETE,peblenvironment.rst (full)
Islabel,COMPILED,,PEBLEnvironment,1 args,YES,YES,COMPILED_DOCUMENTED,COMPLETE,peblenvironment.rst (full)
Islist,COMPILED,,PEBLEnvironment,1 args,YES,YES,COMPILED_DOCUMENTED,COMPLETE,peblenvironment.rst (full)
Ismember,COMPILED,,PEBLList,2 args,YES,YES,COMPILED_DOCUMENTED,COMPLETE,pebllist.rst (stub)
Isnumber,COMPILED,,PEBLEnvironment,1 args,YES,YES,COMPILED_DOCUMENTED,COMPLETE,peblenvironment.rst (full)
Isproperty,PEBL_FUNCTION,Utility.pbl,,"object, prop",NO,NO,PEBL_UNDOCUMENTED,TO_DOCUMENT,utility.rst (stub)
Isshape,COMPILED,,PEBLEnvironment,1 args,YES,YES,COMPILED_DOCUMENTED,COMPLETE,peblenvironment.rst (full)
Isstring,COMPILED,,PEBLEnvironment,1 args,YES,YES,COMPILED_DOCUMENTED,COMPLETE,peblenvironment.rst (full)
Istext,COMPILED,,PEBLEnvironment,1 args,YES,YES,COMPILED_DOCUMENTED,COMPLETE,peblenvironment.rst (full)
Istextbox,COMPILED,,PEBLEnvironment,1 args,YES,YES,COMPILED_DOCUMENTED,COMPLETE,peblenvironment.rst (full)
Isurl,PEBL_FUNCTION,Utility.pbl,,string,NO,NO,PEBL_UNDOCUMENTED,COMPLETE,utility.rst (stub)
Iswidget,COMPILED,,PEBLEnvironment,1 args,YES,YES,COMPILED_DOCUMENTED,COMPLETE,peblenvironment.rst (full)
Iswindow,COMPILED,,PEBLEnvironment,1 args,YES,YES,COMPILED_DOCUMENTED,COMPLETE,peblenvironment.rst (full)
Jsontext,PEBL_FUNCTION,Utility.pbl,,"obj, indent:0",NO,NO,PEBL_UNDOCUMENTED,COMPLETE,utility.rst (stub)
Kaniszapolygon,PEBL_FUNCTION,Graphics.pbl,,"points, circTF, circleradius, fg, bg, show",YES,NO,PEBL_DOCUMENTED,COMPLETE,graphics.rst (full)
Kaniszasquare,PEBL_FUNCTION,Graphics.pbl,,"squaresize, circleradius, fg, bg",YES,NO,PEBL_DOCUMENTED,COMPLETE,graphics.rst (full)
Landoltring,PEBL_FUNCTION,Graphics.pbl,,"outer, inner, angle, lgap, color, bgcolor",NO,NO,PEBL_UNDOCUMENTED,COMPLETE,graphics.rst (full)
Last,COMPILED,,PEBLList,1 args,YES,YES,COMPILED_DOCUMENTED,COMPLETE,pebllist.rst (full)
Latinsquare,PEBL_FUNCTION,Design.pbl,,list,YES,NO,PEBL_DOCUMENTED,COMPLETE,design.rst (full)
Launchfile,COMPILED,,PEBLEnvironment,1 args,YES,YES,COMPILED_DOCUMENTED,COMPLETE,peblenvironment.rst (full)
Layoutgrid,PEBL_FUNCTION,Graphics.pbl,,"xmin, xmax, ymin, ymax, tall, wide, vertical",YES,NO,PEBL_DOCUMENTED,COMPLETE,graphics.rst (full)
Layoutgrid2,PEBL_FUNCTION,Graphics.pbl,,"high, across, centerx, centery, width, height",NO,NO,PEBL_UNDOCUMENTED,INVESTIGATE,graphics.rst (investigate)
Length,COMPILED,,PEBLList,1 args,YES,YES,COMPILED_DOCUMENTED,COMPLETE,pebllist.rst (full)
Levels,PEBL_FUNCTION,Design.pbl,,list,YES,NO,PEBL_DOCUMENTED,COMPLETE,design.rst (full)
Likerttrial,PEBL_FUNCTION,Utility.pbl,,text,NO,NO,PEBL_UNDOCUMENTED,COMPLETE,utility.rst (stub)
Line,COMPILED,,PEBLObjects,5 args,YES,YES,COMPILED_DOCUMENTED,COMPLETE,peblobjects.rst (full)
List,COMPILED,,PEBLList,1-1000 args,YES,YES,COMPILED_DOCUMENTED,COMPLETE,pebllist.rst (full)
Listby,PEBL_FUNCTION,Design.pbl,,"vals, cond",YES,NO,PEBL_DOCUMENTED,COMPLETE,design.rst (full)
Listtohumantext,PEBL_FUNCTION,Utility.pbl,,"list, connector:""or""",YES,NO,PEBL_DOCUMENTED,COMPLETE,utility.rst (full)
Listtostring,COMPILED,,PEBLList,1-4 args,YES,YES,COMPILED_DOCUMENTED,COMPLETE,pebllist.rst (full)
Ln,COMPILED,,PEBLMath,1 args,YES,YES,COMPILED_DOCUMENTED,COMPLETE,peblmath.rst (full)
Loadaudiofile,COMPILED,,PEBLObjects,1 args,YES,YES,COMPILED_DOCUMENTED,COMPLETE,peblobjects.rst (full)
Loadmovie,COMPILED,,PEBLObjects,4 args,YES,YES,COMPILED_DOCUMENTED,COMPLETE,peblobjects.rst (full)
Loadsound,COMPILED,,PEBLObjects,1 args,YES,YES,COMPILED_DOCUMENTED,COMPLETE,peblobjects.rst (full)
Log10,,,,,YES,YES,DOCUMENTED,COMPLETE,
Log2,,,,,YES,YES,DOCUMENTED,COMPLETE,
Logn,COMPILED,,PEBLMath,2 args,YES,YES,COMPILED_DOCUMENTED,COMPLETE,peblmath.rst (full)
Lookup,PEBL_FUNCTION,Utility.pbl,,"key, keylist, database",YES,NO,PEBL_DOCUMENTED,COMPLETE,utility.rst (full)
Lowercase,COMPILED,,PEBLString,1 args,YES,YES,COMPILED_DOCUMENTED,COMPLETE,peblstring.rst (full)
Makeattneave,PEBL_FUNCTION,Graphics.pbl,,"size, numpoints, minangle, maxangle",YES,NO,PEBL_DOCUMENTED,COMPLETE,graphics.rst (full)
Makeaudioinputbuffer,COMPILED,,PEBLObjects,1 args,YES,YES,COMPILED_DOCUMENTED,COMPLETE,peblobjects.rst (full)
Makebutton,PEBL_FUNCTION,UI.pbl,,"label, x, y, win, width",YES,NO,PEBL_DOCUMENTED,COMPLETE,ui.rst (full)
Makecanvas,COMPILED,,PEBLObjects,2-3 args,YES,YES,COMPILED_DOCUMENTED,COMPLETE,peblobjects.rst (full)
Makecheckbox,PEBL_FUNCTION,UI.pbl,,"label, x, y, win, width",YES,NO,OBSOLETE_OR_MISSING,COMPLETE,
Makechirp,COMPILED,,PEBLObjects,3 args,NO,YES,COMPILED_UNDOCUMENTED,NOT_IMPLEMENTED,NOT_IMPLEMENTED
Makecolor,COMPILED,,PEBLObjects,1 args,YES,YES,COMPILED_DOCUMENTED,COMPLETE,peblobjects.rst (full)
Makecolorrgb,COMPILED,,PEBLObjects,3 args,YES,YES,COMPILED_DOCUMENTED,COMPLETE,peblobjects.rst (full)
Makecustomobject,COMPILED,,PEBLObjects,1 args,YES,YES,COMPILED_DOCUMENTED,COMPLETE,peblobjects.rst (full)
Makedirectory,COMPILED,,PEBLEnvironment,1 args,YES,YES,COMPILED_DOCUMENTED,COMPLETE,peblenvironment.rst (full)
Makedivpage,PEBL_FUNCTION,HTML.pbl,,text,YES,NO,PEBL_DOCUMENTED,COMPLETE,html.rst (stub)
Makefont,COMPILED,,PEBLObjects,6 args,YES,YES,COMPILED_DOCUMENTED,COMPLETE,peblobjects.rst (full)
Makegabor,PEBL_FUNCTION,Graphics.pbl,,"size, win, freq, sd, angle, phase, bglev",YES,NO,PEBL_DOCUMENTED,COMPLETE,graphics.rst (full)
Makegraph,PEBL_FUNCTION,Graphics.pbl,,"data, xsize, ysize, x, y",YES,NO,PEBL_DOCUMENTED,COMPLETE,graphics.rst (full)
Makeimage,COMPILED,,PEBLObjects,1 args,YES,YES,COMPILED_DOCUMENTED,COMPLETE,peblobjects.rst (full)
Makelabel,COMPILED,,PEBLObjects,2 args,YES,YES,COMPILED_DOCUMENTED,COMPLETE,peblobjects.rst (full)
Makemap,COMPILED,,PEBLList,2 args,NO,YES,COMPILED_UNDOCUMENTED,NOT_IMPLEMENTED,pebllist.rst (investigate)
Makemenu,PEBL_FUNCTION,UI.pbl,,"header, x, y, win, fontsize, width, subitems, functions",YES,NO,PEBL_DOCUMENTED,COMPLETE,ui.rst (full)
Makemenuitem,PEBL_FUNCTION,UI.pbl,,"text, x, y, parent, win, fontsize, width, function",YES,NO,PEBL_DOCUMENTED,COMPLETE,ui.rst (full)
Makengonpoints,PEBL_FUNCTION,Graphics.pbl,,"radius, num",YES,NO,PEBL_DOCUMENTED,COMPLETE,graphics.rst (full)
Makeparameterobject,PEBL_FUNCTION,Utility.pbl,,pairs,NO,NO,PEBL_UNDOCUMENTED,COMPLETE,utility.rst (stub)
Makepulldown,PEBL_FUNCTION,UI.pbl,,"opts, x, y, win, fontsize, width, selected",YES,NO,OBSOLETE_OR_MISSING,COMPLETE,
Makesawtoothwave,COMPILED,,PEBLObjects,2 args,NO,YES,COMPILED_UNDOCUMENTED,NOT_IMPLEMENTED,peblobjects.rst (investigate)
Makescrollbox,PEBL_FUNCTION,UI.pbl,,"opts, header, x, y, win, fontsize, width, height, selected",YES,NO,PEBL_DOCUMENTED,COMPLETE,ui.rst (full)
Makescrollingtextbox,PEBL_FUNCTION,UI.pbl,,"text, x, y, win, fontsize, width, height, linewrap",YES,NO,PEBL_DOCUMENTED,COMPLETE,ui.rst (full)
Makesinewave,COMPILED,,PEBLObjects,3 args,YES,YES,COMPILED_DOCUMENTED,COMPLETE,peblobjects.rst (full)
Makesquarewave,COMPILED,,PEBLObjects,2 args,NO,YES,COMPILED_UNDOCUMENTED,NOT_IMPLEMENTED,peblobjects.rst (investigate)
Makestarpoints,PEBL_FUNCTION,Graphics.pbl,,"radiusOuter, radiusInner, num",YES,NO,PEBL_DOCUMENTED,COMPLETE,graphics.rst (full)
Maketable,PEBL_FUNCTION,Graphics.pbl,,"data, header, width, height, fontsize, fgcol, bgcol, layout:1",NO,NO,PEBL_UNDOCUMENTED,COMPLETE,graphics.rst (full)
Maketextbox,COMPILED,,PEBLObjects,4 args,YES,YES,COMPILED_DOCUMENTED,COMPLETE,peblobjects.rst (full)
Maketextentry,PEBL_FUNCTION,UI.pbl,,"label, x, y, win, width, default, layout:3",YES,NO,PEBL_UNDOCUMENTED,COMPLETE,ui.rst (stub)
Maketextlist,PEBL_FUNCTION,UI.pbl,,"list, listoffset, maxlength, prebuffer",YES,NO,PEBL_DOCUMENTED,COMPLETE,ui.rst (full)
Makewindow,COMPILED,,PEBLObjects,0-3 args,YES,YES,COMPILED_DOCUMENTED,COMPLETE,peblobjects.rst (full)
Match,PEBL_FUNCTION,Math.pbl,,"list, item",YES,NO,PEBL_DOCUMENTED,COMPLETE,math.rst (full)
Max,PEBL_FUNCTION (wraps compiled),Math.pbl,PEBLMath,list,YES,NO,PEBL_DOCUMENTED,COMPLETE,math.rst (full)
Md5file,,,,,YES,YES,DOCUMENTED,COMPLETE,
Md5sum,,,,,YES,YES,DOCUMENTED,COMPLETE,
Mean,PEBL_FUNCTION (wraps compiled),Math.pbl,PEBLMath,list,YES,NO,COMPILED_DOCUMENTED,COMPLETE,peblmath.rst (full)
Median,PEBL_FUNCTION (wraps compiled),Math.pbl,PEBLMath,list,YES,NO,PEBL_DOCUMENTED,COMPLETE,math.rst (full)
Merge,COMPILED,,PEBLList,2 args,YES,YES,COMPILED_DOCUMENTED,COMPLETE,pebllist.rst (full)
Messagebox,PEBL_FUNCTION,Utility.pbl,,"text, win, fontsize:20, xleftgutter:100, xrightgutter:100, bottomgutter:200, useBG:1, ack:""<OK>""",YES,NO,PEBL_DOCUMENTED,COMPLETE,utility.rst (full)
Min,PEBL_FUNCTION (wraps compiled),Math.pbl,PEBLMath,list,YES,NO,PEBL_DOCUMENTED,COMPLETE,math.rst (full)
Mod,COMPILED,,PEBLMath,2 args,YES,YES,COMPILED_DOCUMENTED,COMPLETE,peblmath.rst (full)
Modlist,COMPILED,,PEBLList,1-3 args,YES,YES,COMPILED_DOCUMENTED,COMPLETE,pebllist.rst (full)
Move,COMPILED,,PEBLObjects,3 args,YES,YES,COMPILED_DOCUMENTED,COMPLETE,peblobjects.rst (full)
Movebutton,PEBL_FUNCTION,UI.pbl,,"button, x, y",YES,NO,PEBL_UNDOCUMENTED,COMPLETE,ui.rst (stub)
Movecenter,PEBL_FUNCTION,Utility.pbl,,"object, x, y",YES,NO,PEBL_DOCUMENTED,COMPLETE,utility.rst (full)
Movecorner,PEBL_FUNCTION,Utility.pbl,,"object, x, y",YES,NO,PEBL_DOCUMENTED,COMPLETE,utility.rst (full)
Moveobject,PEBL_FUNCTION,Utility.pbl,,"p, x, y",YES,NO,PEBL_DOCUMENTED,COMPLETE,utility.rst (full)
Moveobjectx,PEBL_FUNCTION,Graphics.pbl,,"obj, x, y",NO,NO,PEBL_UNDOCUMENTED,HIDDEN,hidden
Nonoverlaplayout,PEBL_FUNCTION,Graphics.pbl,,"xmin, xmax, ymin, ymax, tol, num",YES,NO,PEBL_DOCUMENTED,COMPLETE,graphics.rst (full)
Normaldensity,PEBL_FUNCTION,Math.pbl,,x,YES,NO,PEBL_DOCUMENTED,COMPLETE,math.rst (full)
Nth,COMPILED,,PEBLList,2 args,YES,YES,COMPILED_DOCUMENTED,COMPLETE,pebllist.rst (full)
Nthroot,COMPILED,,PEBLMath,2 args,YES,YES,COMPILED_DOCUMENTED,COMPLETE,peblmath.rst (full)
Opencomport,COMPILED,,PEBLStream,2-3 args,YES,YES,COMPILED_DOCUMENTED,COMPLETE,peblstream.rst (stub)
Openjoystick,COMPILED,,PEBLEnvironment,1 args,YES,NO,OBSOLETE_OR_MISSING,COMPLETE,peblenvironment.rst (stub)
Opennetworklistener,COMPILED,,PEBLStream,1 args,YES,YES,COMPILED_DOCUMENTED,COMPLETE,peblstream.rst (full)
Openpport,COMPILED,,PEBLStream,1 args,YES,YES,COMPILED_DOCUMENTED,COMPLETE,peblstream.rst (full)
Opensubmenus,PEBL_FUNCTION,UI.pbl,,"obj, xy, extra:0",YES,NO,PEBL_DOCUMENTED,COMPLETE,ui.rst (full)
Order,PEBL_FUNCTION,Math.pbl,,list,YES,NO,PEBL_DOCUMENTED,COMPLETE,math.rst (full)
Ot,PEBL_FUNCTION,HTML.pbl,,tag,YES,NO,PEBL_DOCUMENTED,COMPLETE,html.rst (stub)
P,PEBL_FUNCTION,HTML.pbl,,text,YES,NO,PEBL_DOCUMENTED,COMPLETE,html.rst (stub)
Page,PEBL_FUNCTION,HTML.pbl,,"text, style:0",NO,NO,PEBL_UNDOCUMENTED,COMPLETE,html.rst (stub)
Parsejson,COMPILED,,PEBLStream,1 args,YES,YES,COMPILED_DOCUMENTED,COMPLETE,peblstream.rst (full)
Pastetextbox,PEBL_FUNCTION,UI.pbl,,"menu, xy, box",YES,NO,PEBL_UNDOCUMENTED,COMPLETE,ui.rst (stub)
Pauseplayback,COMPILED,,PEBLObjects,1 args,YES,YES,COMPILED_DOCUMENTED,COMPLETE,peblobjects.rst (full)
Playbackground,COMPILED,,PEBLObjects,1 args,YES,YES,COMPILED_DOCUMENTED,COMPLETE,peblobjects.rst (full)
Playforeground,COMPILED,,PEBLObjects,1 args,YES,YES,COMPILED_DOCUMENTED,COMPLETE,peblobjects.rst (full)
Playmovie,COMPILED,,PEBLEnvironment,1 args,YES,YES,COMPILED_DOCUMENTED,COMPLETE,peblenvironment.rst (full)
Plus,PEBL_FUNCTION,Graphics.pbl,,"x, y, size, width, color",YES,NO,PEBL_DOCUMENTED,COMPLETE,graphics.rst (full)
Polygon,COMPILED,,PEBLObjects,6 args,YES,YES,COMPILED_DOCUMENTED,COMPLETE,peblobjects.rst (full)
Popupentrybox,PEBL_FUNCTION,UI.pbl,,"text, win, xy, default:"""", width:300, height:100",YES,NO,PEBL_DOCUMENTED,COMPLETE,ui.rst (full)
Popupmessagebox,PEBL_FUNCTION,UI.pbl,,"text, win, width:300, height:200",YES,NO,OBSOLETE_OR_MISSING,COMPLETE,
Posthttp,COMPILED,,PEBLStream,5 args,YES,YES,COMPILED_DOCUMENTED,COMPLETE,peblstream.rst (full)
Posthttpfile,COMPILED,,PEBLStream,6 args,YES,YES,COMPILED_DOCUMENTED,COMPLETE,peblstream.rst (full)
Pow,COMPILED,,PEBLMath,2 args,YES,YES,COMPILED_DOCUMENTED,COMPLETE,peblmath.rst (full)
Print,COMPILED,,PEBLStream,1 args,YES,YES,COMPILED_DOCUMENTED,COMPLETE,peblstream.rst (full)
Print_,,,,,YES,YES,DOCUMENTED,COMPLETE,
Printlist,PEBL_FUNCTION,Utility.pbl,,"list, sep:"" """,YES,NO,PEBL_DOCUMENTED,COMPLETE,utility.rst (full)
Printproperties,COMPILED,,PEBLObjects,1 args,YES,YES,COMPILED_DOCUMENTED,COMPLETE,peblobjects.rst (full)
Propertyexists,COMPILED,,PEBLObjects,2 args,YES,YES,COMPILED_DOCUMENTED,COMPLETE,peblobjects.rst (stub)
Pulldown,PEBL_FUNCTION,UI.pbl,,"obj, xy, evt:0",YES,NO,OBSOLETE_OR_MISSING,COMPLETE,
Pushbutton,PEBL_FUNCTION,UI.pbl,,"tmp, click, event:0",YES,NO,PEBL_DOCUMENTED,COMPLETE,ui.rst (full)
Pushonend,COMPILED,,PEBLList,2 args,YES,YES,COMPILED_DOCUMENTED,COMPLETE,pebllist.rst (stub)
Quantile,PEBL_FUNCTION (wraps compiled),Math.pbl,PEBLMath,"list, q",YES,NO,COMPILED_DOCUMENTED,COMPLETE,peblmath.rst (full)
Radtodeg,COMPILED,,PEBLMath,1 args,YES,YES,COMPILED_DOCUMENTED,COMPLETE,peblmath.rst (full)
Random,COMPILED,,PEBLMath,0 args,YES,YES,COMPILED_DOCUMENTED,COMPLETE,peblmath.rst (full)
Randombernoulli,COMPILED,,PEBLMath,1 args,YES,YES,COMPILED_DOCUMENTED,COMPLETE,peblmath.rst (full)
Randombinomial,COMPILED,,PEBLMath,2 args,YES,YES,COMPILED_DOCUMENTED,COMPLETE,peblmath.rst (full)
Randomdiscrete,COMPILED,,PEBLMath,1 args,YES,YES,COMPILED_DOCUMENTED,COMPLETE,peblmath.rst (stub)
Randomexponential,COMPILED,,PEBLMath,1 args,YES,YES,COMPILED_DOCUMENTED,COMPLETE,peblmath.rst (full)
Randomizetimer,COMPILED,,PEBLMath,0 args,YES,YES,COMPILED_DOCUMENTED,COMPLETE,peblmath.rst (full)
Randomlogistic,COMPILED,,PEBLMath,1 args,YES,YES,COMPILED_DOCUMENTED,COMPLETE,peblmath.rst (full)
Randomlognormal,COMPILED,,PEBLMath,2 args,YES,YES,COMPILED_DOCUMENTED,COMPLETE,peblmath.rst (full)
Randomnormal,COMPILED,,PEBLMath,2 args,YES,YES,COMPILED_DOCUMENTED,COMPLETE,peblmath.rst (full)
Randomuniform,COMPILED,,PEBLMath,1 args,YES,YES,COMPILED_DOCUMENTED,COMPLETE,peblmath.rst (full)
Rank,PEBL_FUNCTION,Math.pbl,,list,YES,NO,PEBL_DOCUMENTED,COMPLETE,math.rst (full)
Readcsv,PEBL_FUNCTION,Utility.pbl,,filename,YES,NO,PEBL_DOCUMENTED,COMPLETE,utility.rst (full)
Readjsonparameters,PEBL_FUNCTION,Utility.pbl,,filename,NO,NO,PEBL_UNDOCUMENTED,COMPLETE,utility.rst (stub)
Readtranslation,PEBL_FUNCTION,Utility.pbl,,"filename, lang",NO,NO,PEBL_UNDOCUMENTED,COMPLETE,utility.rst (full)
Readtranslationjson,PEBL_FUNCTION,Utility.pbl,,"filename, lang",NO,NO,PEBL_UNDOCUMENTED,COMPLETE,utility.rst (full)
Rectangle,COMPILED,,PEBLObjects,6 args,YES,YES,COMPILED_DOCUMENTED,COMPLETE,peblobjects.rst (full)
Recurse,,,,,NO,YES,SOURCE_UNDOCUMENTED,HIDDEN,hidden
Recurse2,,,,,NO,YES,SOURCE_UNDOCUMENTED,HIDDEN,hidden
Reflectpoints,PEBL_FUNCTION,Graphics.pbl,,pts,YES,NO,PEBL_DOCUMENTED,COMPLETE,graphics.rst (full)
Registerevent,COMPILED,,PEBLEnvironment,5-6 args,YES,YES,COMPILED_DOCUMENTED,COMPLETE,peblenvironment.rst (full)
Remove,COMPILED,,PEBLList,2 args,NO,YES,COMPILED_UNDOCUMENTED,NOT_IMPLEMENTED,pebllist.rst (stub)
Removeduplicates,COMPILED,,PEBLList,1 args,NO,YES,COMPILED_UNDOCUMENTED,NOT_IMPLEMENTED,pebllist.rst (stub)
Removemenuitem,PEBL_FUNCTION,UI.pbl,,"obj, parent",YES,NO,PEBL_UNDOCUMENTED,COMPLETE,ui.rst (stub)
Removeobject,COMPILED,,PEBLObjects,2 args,YES,YES,COMPILED_DOCUMENTED,COMPLETE,peblobjects.rst (full)
Removeobjects,PEBL_FUNCTION,Utility.pbl,,"list, win",NO,NO,PEBL_UNDOCUMENTED,COMPLETE,utility.rst (stub)
Removeobjectx,PEBL_FUNCTION,Graphics.pbl,,"obj, win",NO,NO,PEBL_UNDOCUMENTED,HIDDEN,hidden
Removesubset,PEBL_FUNCTION,Design.pbl,,"list, items",YES,NO,PEBL_DOCUMENTED,COMPLETE,design.rst (full)
Repeat,COMPILED,,PEBLList,2 args,YES,YES,COMPILED_DOCUMENTED,COMPLETE,pebllist.rst (full)
Repeatexpression,,,,,NO,YES,SOURCE_UNDOCUMENTED,NOT_IMPLEMENTED,NOT_IMPLEMENTED
Repeatlist,COMPILED,,PEBLList,2 args,YES,YES,COMPILED_DOCUMENTED,COMPLETE,pebllist.rst (full)
Replace,PEBL_FUNCTION,Design.pbl,,"template, replacementList",YES,NO,PEBL_DOCUMENTED,COMPLETE,design.rst (full)
Replacechar,PEBL_FUNCTION,Utility.pbl,,"word, char, char2",YES,NO,PEBL_DOCUMENTED,COMPLETE,utility.rst (full)
Resetcanvas,PEBL_FUNCTION,Graphics.pbl,,canvas,YES,NO,PEBL_DOCUMENTED,COMPLETE,graphics.rst (full)
Resizewindow,COMPILED,,PEBLObjects,3 args,NO,YES,COMPILED_DOCUMENTED,COMPLETE,peblobjects.rst (full)
Rest,PEBL_FUNCTION,Design.pbl,,list,YES,NO,PEBL_DOCUMENTED,COMPLETE,design.rst (full)
Reverse,PEBL_FUNCTION,Design.pbl,,list,NO,NO,PEBL_UNDOCUMENTED,COMPLETE,design.rst (full)
Rgbtohsv,PEBL_FUNCTION,Graphics.pbl,,a,YES,NO,PEBL_DOCUMENTED,COMPLETE,graphics.rst (full)
Rotate,COMPILED,,PEBLList,2 args,YES,YES,COMPILED_DOCUMENTED,COMPLETE,pebllist.rst (full)
Rotatepoints,PEBL_FUNCTION,Graphics.pbl,,"pts, theta",YES,NO,PEBL_DOCUMENTED,COMPLETE,graphics.rst (full)
Rotozoom,COMPILED,,PEBLObjects,5 args,NO,YES,COMPILED_DOCUMENTED,COMPLETE,peblobjects.rst (full)
Round,COMPILED,,PEBLMath,1-2 args,YES,YES,COMPILED_DOCUMENTED,COMPLETE,peblmath.rst (full)
Sample,PEBL_FUNCTION,Design.pbl,,list,YES,NO,PEBL_DOCUMENTED,COMPLETE,design.rst (full)
Samplen,PEBL_FUNCTION,Design.pbl,,"list, number",YES,NO,PEBL_DOCUMENTED,COMPLETE,design.rst (full)
Samplenwithreplacement,PEBL_FUNCTION,Design.pbl,,"list, number",YES,NO,PEBL_DOCUMENTED,COMPLETE,design.rst (full)
Saveaudiotowavefile,COMPILED,,PEBLObjects,2 args,YES,YES,COMPILED_DOCUMENTED,COMPLETE,peblobjects.rst (full)
Sdtbeta,PEBL_FUNCTION,Math.pbl,,"hr, far, trunc:.001",YES,NO,PEBL_DOCUMENTED,COMPLETE,math.rst (full)
Sdtdprime,PEBL_FUNCTION,Math.pbl,,"hr, far, trunc:.001",YES,NO,PEBL_DOCUMENTED,COMPLETE,math.rst (full)
Second,COMPILED,,PEBLList,1 args,NO,YES,COMPILED_DOCUMENTED,COMPLETE,pebllist.rst (full)
Seedrng,COMPILED,,PEBLMath,1 args,YES,YES,COMPILED_DOCUMENTED,COMPLETE,peblmath.rst (full)
Segmentsintersect,PEBL_FUNCTION,Graphics.pbl,,"x1, y1, x2, y2, a1, b1, a2, b2",YES,NO,PEBL_DOCUMENTED,COMPLETE,graphics.rst (full)
Selectpulldownbytext,PEBL_FUNCTION,UI.pbl,,"pulldown, text",YES,NO,PEBL_UNDOCUMENTED,COMPLETE,ui.rst (stub)
Senddata,COMPILED,,PEBLStream,2 args,YES,YES,COMPILED_DOCUMENTED,COMPLETE,peblstream.rst (full)
Sequence,COMPILED,,PEBLList,3 args,YES,YES,COMPILED_DOCUMENTED,COMPLETE,pebllist.rst (full)
Setcheckbox,PEBL_FUNCTION,UI.pbl,,"cb, state",YES,NO,OBSOLETE_OR_MISSING,COMPLETE,
Setcursorposition,COMPILED,,PEBLObjects,2 args,YES,YES,COMPILED_DOCUMENTED,COMPLETE,peblobjects.rst (full)
Seteditable,COMPILED,,PEBLObjects,2 args,YES,YES,COMPILED_DOCUMENTED,COMPLETE,peblobjects.rst (full)
Setelement,COMPILED,,PEBLList,3 args,YES,YES,COMPILED_DOCUMENTED,COMPLETE,pebllist.rst (full)
Seteyetrackerhandler,COMPILED,,PEBLObjects,2 args,NO,YES,COMPILED_UNDOCUMENTED,DEPRECATED,DEPRECATED
Setfont,COMPILED,,PEBLObjects,2 args,YES,YES,COMPILED_DOCUMENTED,COMPLETE,peblobjects.rst (full)
Setmousecursorposition,COMPILED,,PEBLEnvironment,2 args,YES,NO,OBSOLETE_OR_MISSING,COMPLETE,peblenvironment.rst (stub)
Setnetworkport,COMPILED,,PEBLStream,1 args,YES,YES,COMPILED_DOCUMENTED,COMPLETE,peblstream.rst (full)
Setpanning,COMPILED,,PEBLObjects,3 args,YES,YES,COMPILED_DOCUMENTED,COMPLETE,peblobjects.rst (full)
Setpixel,COMPILED,,PEBLObjects,4 args,YES,NO,OBSOLETE_OR_MISSING,DEPRECATEDâ€”broken,DEPRECATED
Setplayrepeats,COMPILED,,PEBLObjects,2 args,YES,YES,COMPILED_DOCUMENTED,COMPLETE,peblobjects.rst (full)
Setpoint,COMPILED,,PEBLObjects,4 args,NO,YES,COMPILED_UNDOCUMENTED,DEPRECATED-broken,DEPRECATED
Setpportmode,COMPILED,,PEBLStream,2 args,YES,YES,COMPILED_DOCUMENTED,COMPLETE,peblstream.rst (full)
Setpportstate,COMPILED,,PEBLStream,2 args,YES,YES,COMPILED_DOCUMENTED,COMPLETE,peblstream.rst (full)
Setproperty,COMPILED,,PEBLObjects,3 args,YES,YES,COMPILED_DOCUMENTED,COMPLETE,peblobjects.rst (full)
Setscrollingtext,PEBL_FUNCTION,UI.pbl,,"obj, text, linewrap:0",YES,NO,PEBL_DOCUMENTED,COMPLETE,ui.rst (full)
Settext,COMPILED,,PEBLObjects,2 args,YES,YES,COMPILED_DOCUMENTED,COMPLETE,peblobjects.rst (full)
Settextboxcursorfromclick,PEBL_FUNCTION,UI.pbl,,"box, exit, click",NO,NO,PEBL_UNDOCUMENTED,COMPLETE,ui.rst (stub)
Settextentry,PEBL_FUNCTION,UI.pbl,,"obj, value",YES,NO,PEBL_UNDOCUMENTED,COMPLETE,ui.rst (stub)
Setworkingdirectory,COMPILED,,PEBLEnvironment,1 args,YES,YES,COMPILED_DOCUMENTED,COMPLETE,peblenvironment.rst (full)
Show,COMPILED,,PEBLObjects,1 args,YES,YES,COMPILED_DOCUMENTED,COMPLETE,peblobjects.rst (full)
Showbutton,PEBL_FUNCTION,UI.pbl,,button,YES,NO,PEBL_UNDOCUMENTED,COMPLETE,ui.rst (stub)
Showcursor,COMPILED,,PEBLEnvironment,1 args,YES,YES,COMPILED_DOCUMENTED,COMPLETE,peblenvironment.rst (full)
Showmenu,PEBL_FUNCTION,UI.pbl,,"obj, xy",YES,NO,PEBL_UNDOCUMENTED,COMPLETE,ui.rst (stub)
Showobject,PEBL_FUNCTION,Graphics.pbl,,obj,NO,NO,PEBL_UNDOCUMENTED,COMPLETE,graphics.rst (full)
Shuffle,COMPILED,,PEBLList,1 args,YES,YES,COMPILED_DOCUMENTED,COMPLETE,pebllist.rst (full)
Shufflerepeat,PEBL_FUNCTION,Design.pbl,,"list, n",YES,NO,PEBL_DOCUMENTED,COMPLETE,design.rst (full)
Shufflewithoutadjacents,PEBL_FUNCTION,Design.pbl,,"list, tries:1",YES,NO,PEBL_DOCUMENTED,COMPLETE,design.rst (full)
Shufflewithoutadjacentsonce,PEBL_FUNCTION,Design.pbl,,list,NO,NO,PEBL_UNDOCUMENTED,HIDDEN,design.rst (hidden)
Sign,COMPILED,,PEBLMath,1 args,YES,YES,COMPILED_DOCUMENTED,COMPLETE,peblmath.rst (full)
Signalfatalerror,COMPILED,,PEBLEnvironment,1 args,YES,YES,COMPILED_DOCUMENTED,COMPLETE,peblenvironment.rst (full)
Sin,COMPILED,,PEBLMath,1 args,YES,YES,COMPILED_DOCUMENTED,COMPLETE,peblmath.rst (full)
Sort,COMPILED,,PEBLList,1 args,YES,YES,COMPILED_DOCUMENTED,COMPLETE,pebllist.rst (full)
Sortby,COMPILED,,PEBLList,2 args,YES,YES,COMPILED_DOCUMENTED,COMPLETE,pebllist.rst (stub)
Sortdir,PEBL_FUNCTION,UI.pbl,,"inlist, path",NO,NO,PEBL_UNDOCUMENTED,COMPLETE,ui.rst (stub)
Splitstring,COMPILED,,PEBLString,2 args,YES,YES,COMPILED_DOCUMENTED,COMPLETE,peblstring.rst (full)
Splitstringslow,PEBL_FUNCTION,Utility.pbl,,"string, split",YES,NO,PEBL_DOCUMENTED,COMPLETE,utility.rst (full)
Sqrt,COMPILED,,PEBLMath,1 args,YES,YES,COMPILED_DOCUMENTED,COMPLETE,peblmath.rst (full)
Square,COMPILED,,PEBLObjects,5 args,YES,YES,COMPILED_DOCUMENTED,COMPLETE,peblobjects.rst (full)
Starteventloop,COMPILED,,PEBLEnvironment,0 args,YES,YES,COMPILED_DOCUMENTED,COMPLETE,peblenvironment.rst (full)
Startplayback,COMPILED,,PEBLObjects,1 args,YES,YES,COMPILED_DOCUMENTED,COMPLETE,peblobjects.rst (full)
Stddev,PEBL_FUNCTION,Math.pbl,,list,NO,NO,PEBL_DOCUMENTED,COMPLETE,math.rst (full)
Stdev,COMPILED,,PEBLMath,1 args,YES,NO,OBSOLETE_OR_MISSING,NOT_IMPLEMENTED,peblmath.rst (investigate)
Stop,COMPILED,,PEBLObjects,1 args,YES,YES,COMPILED_DOCUMENTED,COMPLETE,peblobjects.rst (full)
Stringlength,COMPILED,,PEBLString,1 args,YES,YES,COMPILED_DOCUMENTED,COMPLETE,peblstring.rst (full)
Strip,,,,,NO,YES,SOURCE_UNDOCUMENTED,NOT_AVAILABLE,Exists in PEBLString.cpp but in #if 0 block (consider implementing)
Stripquotes,PEBL_FUNCTION,Utility.pbl,,text,YES,NO,PEBL_DOCUMENTED,COMPLETE,utility.rst (full)
Stripspace,PEBL_FUNCTION,Utility.pbl,,text,YES,NO,PEBL_DOCUMENTED,COMPLETE,utility.rst (full)
Sublist,COMPILED,,PEBLList,3 args,YES,YES,COMPILED_DOCUMENTED,COMPLETE,pebllist.rst (full)
Subset,PEBL_FUNCTION,Design.pbl,,"list, items",YES,NO,PEBL_DOCUMENTED,COMPLETE,design.rst (full)
Substitutestrings,PEBL_FUNCTION,Utility.pbl,,"text, replist",NO,NO,PEBL_UNDOCUMENTED,COMPLETE,utility.rst (full)
Substring,COMPILED,,PEBLString,3 args,YES,YES,COMPILED_DOCUMENTED,COMPLETE,peblstring.rst (full)
Sum,PEBL_FUNCTION,Math.pbl,,list,YES,NO,PEBL_DOCUMENTED,COMPLETE,math.rst (full)
Summarystats,PEBL_FUNCTION,Math.pbl,,"data, cond",YES,NO,PEBL_DOCUMENTED,COMPLETE,math.rst (full)
Syncdatafile,PEBL_FUNCTION,Utility.pbl,,"server, page, port, username, pword, taskname, subcode, datafilename, token:""""",NO,NO,PEBL_UNDOCUMENTED,COMPLETE,utility.rst (full)
Systemcall,COMPILED,,PEBLEnvironment,1-2 args,YES,YES,COMPILED_DOCUMENTED,COMPLETE,peblenvironment.rst (full)
Systemcallupdate,COMPILED,,PEBLEnvironment,1-2 args,YES,YES,COMPILED_DOCUMENTED,COMPLETE,peblenvironment.rst (full)
Tab,PEBL_FUNCTION,Utility.pbl,,n:1,YES,NO,PEBL_DOCUMENTED,COMPLETE,utility.rst (full)
Table,PEBL_FUNCTION,HTML.pbl,,"tab, header:""""",YES,NO,PEBL_DOCUMENTED,COMPLETE,html.rst (stub)
Tan,COMPILED,,PEBLMath,1 args,YES,YES,COMPILED_DOCUMENTED,COMPLETE,peblmath.rst (full)
Thickline,COMPILED,,PEBLObjects,6 args,YES,YES,COMPILED_DOCUMENTED,COMPLETE,peblobjects.rst (full)
Thickline2,PEBL_FUNCTION,Graphics.pbl,,"x1, y1, x2, y2, size, color",NO,NO,PEBL_UNDOCUMENTED,INVESTIGATE,graphics.rst (investigate)
Third,COMPILED,,PEBLList,1 args,NO,YES,COMPILED_DOCUMENTED,COMPLETE,pebllist.rst (full)
Timestamp,COMPILED,,PEBLEnvironment,0 args,YES,YES,COMPILED_DOCUMENTED,COMPLETE,peblenvironment.rst (full)
Toascii,COMPILED,,PEBLString,1 args,NO,YES,COMPILED_DOCUMENTED,COMPLETE,peblstring.rst (full)
Tofloat,COMPILED,,PEBLMath,1 args,YES,YES,COMPILED_DOCUMENTED,COMPLETE,peblmath.rst (full)
Toint,,,,,NO,YES,SOURCE_UNDOCUMENTED,INVESTIGATE,
Tointeger,COMPILED,,PEBLMath,1 args,YES,NO,OBSOLETE_OR_MISSING,COMPLETE,peblmath.rst (stub)
Token,COMPILED,,PEBLString,1 args,NO,NO,COMPILED_UNDOCUMENTED,INVESTIGATE,peblstring.rst (investigate)
Tonumber,COMPILED,,PEBLMath,1 args,YES,YES,COMPILED_DOCUMENTED,COMPLETE,peblmath.rst (full)
Toright,PEBL_FUNCTION,Graphics.pbl,,"p1, p2, p3",YES,NO,PEBL_DOCUMENTED,COMPLETE,graphics.rst (full)
Tostring,COMPILED,,PEBLMath,1 args,YES,YES,COMPILED_DOCUMENTED,COMPLETE,peblmath.rst (full)
Translatekeycode,COMPILED,,PEBLEnvironment,1 args,YES,YES,COMPILED_DOCUMENTED,COMPLETE,peblenvironment.rst (full)
Translatestring,COMPILED,,PEBLEnvironment,1 args,YES,YES,COMPILED_DOCUMENTED,COMPLETE,peblenvironment.rst (full)
Transpose,COMPILED,,PEBLList,1 args,YES,YES,COMPILED_DOCUMENTED,COMPLETE,pebllist.rst (full)
Updatecapturedscrollboxthumb,PEBL_FUNCTION,UI.pbl,,"obj, p, event:0",YES,NO,PEBL_UNDOCUMENTED,COMPLETE,ui.rst (stub)
Updatepulldown,PEBL_FUNCTION,UI.pbl,,"obj, newlist",YES,NO,PEBL_DOCUMENTED,COMPLETE,ui.rst (full)
Updatescrollbox,PEBL_FUNCTION,UI.pbl,,obj,YES,NO,PEBL_DOCUMENTED,COMPLETE,ui.rst (full)
Updatescrollingtextbox,PEBL_FUNCTION,UI.pbl,,obj,YES,NO,PEBL_UNDOCUMENTED,COMPLETE,ui.rst (stub)
Uploadfile,PEBL_FUNCTION,Utility.pbl,,"subcode, datafilename, settings:""""",NO,NO,PEBL_UNDOCUMENTED,COMPLETE,utility.rst (full)
Uppercase,COMPILED,,PEBLString,1 args,YES,YES,COMPILED_DOCUMENTED,COMPLETE,peblstring.rst (full)
Validateattneaveshape,PEBL_FUNCTION,Graphics.pbl,,"shape, minAngle, maxAngle",NO,NO,PEBL_UNDOCUMENTED,HIDDEN,graphics.rst (hidden)
Variableexists,COMPILED,,PEBLEnvironment,1 args,YES,YES,COMPILED_DOCUMENTED,COMPLETE,peblenvironment.rst (full)
Vecplus,PEBL_FUNCTION,UI.pbl,,"vec, add",NO,NO,PEBL_UNDOCUMENTED,,
Vecsum,PEBL_FUNCTION,Math.pbl,,"a, b",YES,NO,PEBL_DOCUMENTED,COMPLETE,math.rst (full)
Vectimes,PEBL_FUNCTION,Math.pbl,,"a, b",YES,NO,PEBL_DOCUMENTED,COMPLETE,math.rst (full)
Wait,COMPILED,,PEBLEnvironment,1 args,YES,YES,COMPILED_DOCUMENTED,COMPLETE,peblenvironment.rst (full)
Waitforallkeysup,COMPILED,,PEBLEnvironment,0 args,YES,YES,COMPILED_DOCUMENTED,COMPLETE,peblenvironment.rst (full)
Waitforanykeydown,COMPILED,,PEBLEnvironment,0 args,YES,YES,COMPILED_DOCUMENTED,COMPLETE,peblenvironment.rst (full)
Waitforanykeydownwithtimeout,COMPILED,,PEBLEnvironment,1 args,YES,YES,COMPILED_DOCUMENTED,COMPLETE,peblenvironment.rst (full)
Waitforanykeypress,COMPILED,,PEBLEnvironment,0 args,YES,YES,COMPILED_DOCUMENTED,COMPLETE,peblenvironment.rst (full)
Waitforanykeypresswithtimeout,COMPILED,,PEBLEnvironment,1 args,YES,YES,COMPILED_DOCUMENTED,COMPLETE,peblenvironment.rst (full)
Waitforbuttonclickontarget,PEBL_FUNCTION,Utility.pbl,,"targetlist, keylist",NO,NO,PEBL_UNDOCUMENTED,COMPLETE,utility.rst (stub)
Waitforclickontarget,PEBL_FUNCTION,Utility.pbl,,"targetlist, keylist",YES,NO,PEBL_DOCUMENTED,COMPLETE,utility.rst (full)
Waitforclickontargetwithtimeout,PEBL_FUNCTION,Utility.pbl,,"targetlist, keylist, time, button1:1, button2:0, button3:0",YES,NO,PEBL_DOCUMENTED,COMPLETE,utility.rst (full)
Waitfordownclick,PEBL_FUNCTION,Utility.pbl,,,YES,NO,PEBL_DOCUMENTED,COMPLETE,utility.rst (full)
Waitforkeydown,COMPILED,,PEBLEnvironment,1 args,YES,YES,COMPILED_DOCUMENTED,COMPLETE,peblenvironment.rst (full)
Waitforkeylistdown,COMPILED,,PEBLEnvironment,1 args,YES,YES,COMPILED_DOCUMENTED,COMPLETE,peblenvironment.rst (full)
Waitforkeypress,COMPILED,,PEBLEnvironment,1 args,YES,YES,COMPILED_DOCUMENTED,COMPLETE,peblenvironment.rst (full)
Waitforkeyrelease,COMPILED,,PEBLEnvironment,1 args,YES,YES,COMPILED_DOCUMENTED,COMPLETE,peblenvironment.rst (full)
Waitforkeyup,COMPILED,,PEBLEnvironment,1 args,YES,YES,COMPILED_DOCUMENTED,COMPLETE,peblenvironment.rst (full)
Waitforlistkeypress,COMPILED,,PEBLEnvironment,1 args,YES,YES,COMPILED_DOCUMENTED,COMPLETE,peblenvironment.rst (full)
Waitforlistkeypresswithtimeout,COMPILED,,PEBLEnvironment,2-3 args,YES,YES,COMPILED_DOCUMENTED,COMPLETE,peblenvironment.rst (full)
Waitformousebutton,COMPILED,,PEBLEnvironment,0-1 args,YES,YES,COMPILED_DOCUMENTED,COMPLETE,peblenvironment.rst (full)
Waitformousebuttonwithtimeout,COMPILED,,PEBLEnvironment,1-2 args,YES,YES,COMPILED_DOCUMENTED,COMPLETE,peblenvironment.rst (full)
Waitfornetworkconnection,COMPILED,,PEBLStream,1 args,YES,YES,COMPILED_DOCUMENTED,COMPLETE,peblstream.rst (full)
Waitforpportdata,,,,,NO,YES,SOURCE_UNDOCUMENTED,NOT_AVAILABLE,Exists in PEBLStream.cpp but in #if 0 block
Waitforpportstatus,,,,,NO,YES,SOURCE_UNDOCUMENTED,NOT_AVAILABLE,Exists in PEBLStream.cpp but in #if 0 block
Writepng,COMPILED,,PEBLStream,3 args,YES,YES,COMPILED_DOCUMENTED,COMPLETE,peblstream.rst (full)
Yesnotrial,PEBL_FUNCTION,Utility.pbl,,text,NO,NO,PEBL_UNDOCUMENTED,COMPLETE,utility.rst (stub)
Zeropad,PEBL_FUNCTION,Utility.pbl,,"num, size",YES,NO,PEBL_DOCUMENTED,COMPLETE,utility.rst (full)
Zoompoints,PEBL_FUNCTION,Graphics.pbl,,"pts, xZoom, yZoom",YES,NO,PEBL_DOCUMENTED,COMPLETE,graphics.rst (full)
